86,95,22,32,138,48,19,59,129,27,24,112,30
141,41,21,72,111,23,27,129,58,19,46,144,20
95,22,32,138,48,19,59,129,27,24,112,73,19
41,21,72,111,23,27,129,58,19,46,144,30,37
22,32,138,48,19,59,129,27,24,112,73,20,92
21,72,111,23,27,129,58,19,46,144,30,19,152
32,138,48,19,59,129,27,24,112,73,20,37,93
72,111,23,27,129,58,19,46,144,30,19,92,36
138,48,19,59,129,27,24,112,73,20,37,152,20
111,23,27,129,58,19,46,144,30,19,92,93,18
48,19,59,129,27,24,112,73,20,37,152,36,29
23,27,129,58,19,46,144,30,19,92,93,20,71
19,59,129,27,24,112,73,20,37,152,36,18,146
27,129,58,19,46,144,30,19,92,93,20,29,117
59,129,27,24,112,73,20,37,152,36,18,71,46
129,58,19,46,144,30,19,92,93,20,29,146,23
129,27,24,112,73,20,37,152,36,18,71,117,18
58,19,46,144,30,19,92,93,20,29,146,46,22
27,24,112,73,20,37,152,36,18,71,117,23,52
19,46,144,30,19,92,93,20,29,146,46,18,128
24,112,73,20,37,152,36,18,71,117,23,22,142
46,144,30,19,92,93,20,29,146,46,18,52,62
112,73,20,37,152,36,18,71,117,23,22,128,26
144,30,19,92,93,20,29,146,46,18,52,142,17
73,20,37,152,36,18,71,117,23,22,128,62,19
30,19,92,93,20,29,146,46,18,52,142,26,37
20,37,152,36,18,71,117,23,22,128,62,17,100
19,92,93,20,29,146,46,18,52,142,26,19,158
37,152,36,18,71,117,23,22,128,62,17,37,86
92,93,20,29,146,46,18,52,142,26,19,100,32
152,36,18,71,117,23,22,128,62,17,37,158,17
93,20,29,146,46,18,52,142,26,19,100,86,17
36,18,71,117,23,22,128,62,17,37,158,32,27
20,29,146,46,18,52,142,26,19,100,86,17,72
18,71,117,23,22,128,62,17,37,158,32,17,154
29,146,46,18,52,142,26,19,100,86,17,27,118
71,117,23,22,128,62,17,37,158,32,17,72,43
146,46,18,52,142,26,19,100,86,17,27,154,20
117,23,22,128,62,17,37,158,32,17,72,118,15
46,18,52,142,26,19,100,86,17,27,154,43,21
23,22,128,62,17,37,158,32,17,72,118,20,47
18,52,142,26,19,100,86,17,27,154,43,15,128
22,128,62,17,37,158,32,17,72,118,20,21,150
52,142,26,19,100,86,17,27,154,43,15,47,63
128,62,17,37,158,32,17,72,118,20,21,128,24
142,26,19,100,86,17,27,154,43,15,47,150,16
62,17,37,158,32,17,72,118,20,21,128,63,17
26,19,100,86,17,27,154,43,15,47,150,24,33
17,37,158,32,17,72,118,20,21,128,63,16,92
19,100,86,17,27,154,43,15,47,150,24,17,166
37,158,32,17,72,118,20,21,128,63,16,33,95
100,86,17,27,154,43,15,47,150,24,17,92,33
158,32,17,72,118,20,21,128,63,16,33,166,16
86,17,27,154,43,15,47,150,24,17,92,95,14
32,17,72,118,20,21,128,63,16,33,166,33,22
17,27,154,43,15,47,150,24,17,92,95,16,58
17,72,118,20,21,128,63,16,33,166,33,14,149
27,154,43,15,47,150,24,17,92,95,16,22,137
72,118,20,21,128,63,16,33,166,33,14,58,50
154,43,15,47,150,24,17,92,95,16,22,149,20
118,20,21,128,63,16,33,166,33,14,58,137,15
43,15,47,150,24,17,92,95,16,22,149,50,16
20,21,128,63,16,33,166,33,14,58,137,20,35
15,47,150,24,17,92,95,16,22,149,50,15,106
21,128,63,16,33,166,33,14,58,137,20,16,169
47,150,24,17,92,95,16,22,149,50,15,35,82
128,63,16,33,166,33,14,58,137,20,16,106,28
150,24,17,92,95,16,22,149,50,15,35,169,15
63,16,33,166,33,14,58,137,20,16,106,82,14
24,17,92,95,16,22,149,50,15,35,169,28,23
16,33,166,33,14,58,137,20,16,106,82,15,65
17,92,95,16,22,149,50,15,35,169,28,14,160
33,166,33,14,58,137,20,16,106,82,15,23,133
92,95,16,22,149,50,15,35,169,28,14,65,45
166,33,14,58,137,20,16,106,82,15,23,160,18
95,16,22,149,50,15,35,169,28,14,65,133,14
33,14,58,137,20,16,106,82,15,23,160,45,16
16,22,149,50,15,35,169,28,14,65,133,18,36
14,58,137,20,16,106,82,15,23,160,45,14,111
22,149,50,15,35,169,28,14,65,133,18,16,176
58,137,20,16,106,82,15,23,160,45,14,36,80
149,50,15,35,169,28,14,65,133,18,16,111,26
137,20,16,106,82,15,23,160,45,14,36,176,14
50,15,35,169,28,14,65,133,18,16,111,80,13
20,16,106,82,15,23,160,45,14,36,176,26,20
15,35,169,28,14,65,133,18,16,111,80,14,60
16,106,82,15,23,160,45,14,36,176,26,13,163
35,169,28,14,65,133,18,16,111,80,14,20,140
106,82,15,23,160,45,14,36,176,26,13,60,45
169,28,14,65,133,18,16,111,80,14,20,163,18
82,15,23,160,45,14,36,176,26,13,60,140,12
28,14,65,133,18,16,111,80,14,20,163,45,14
15,23,160,45,14,36,176,26,13,60,140,18,30
14,65,133,18,16,111,80,14,20,163,45,12,98
23,160,45,14,36,176,26,13,60,140,18,14,185
65,133,18,16,111,80,14,20,163,45,12,30,93
160,45,14,36,176,26,13,60,140,18,14,98,28
133,18,16,111,80,14,20,163,45,12,30,185,14
45,14,36,176,26,13,60,140,18,14,98,93,12
18,16,111,80,14,20,163,45,12,30,185,28,17
14,36,176,26,13,60,140,18,14,98,93,14,46
16,111,80,14,20,163,45,12,30,185,28,12,145
36,176,26,13,60,140,18,14,98,93,14,17,167
111,80,14,20,163,45,12,30,185,28,12,46,58
176,26,13,60,140,18,14,98,93,14,17,145,19
80,14,20,163,45,12,30,185,28,12,46,167,11
26,13,60,140,18,14,98,93,14,17,145,58,12
14,20,163,45,12,30,185,28,12,46,167,19,21
13,60,140,18,14,98,93,14,17,145,58,11,68
20,163,45,12,30,185,28,12,46,167,19,12,183
60,140,18,14,98,93,14,17,145,58,11,21,132
163,45,12,30,185,28,12,46,167,19,12,68,38
140,18,14,98,93,14,17,145,58,11,21,183,15
45,12,30,185,28,12,46,167,19,12,68,132,11
18,14,98,93,14,17,145,58,11,21,183,38,13
12,30,185,28,12,46,167,19,12,68,132,15,26
14,98,93,14,17,145,58,11,21,183,38,11,93
30,185,28,12,46,167,19,12,68,132,15,13,202
98,93,14,17,145,58,11,21,183,38,11,26,100
185,28,12,46,167,19,12,68,132,15,13,93,27
93,14,17,145,58,11,21,183,38,11,26,202,12
28,12,46,167,19,12,68,132,15,13,93,100,10
14,17,145,58,11,21,183,38,11,26,202,27,13
12,46,167,19,12,68,132,15,13,93,100,12,30
17,145,58,11,21,183,38,11,26,202,27,10,114
46,167,19,12,68,132,15,13,93,100,12,13,206
145,58,11,21,183,38,11,26,202,27,10,30,82
167,19,12,68,132,15,13,93,100,12,13,114,21
58,11,21,183,38,11,26,202,27,10,30,206,11
19,12,68,132,15,13,93,100,12,13,114,82,9
11,21,183,38,11,26,202,27,10,30,206,21,10
12,68,132,15,13,93,100,12,13,114,82,11,30
21,183,38,11,26,202,27,10,30,206,21,9,120
68,132,15,13,93,100,12,13,114,82,11,10,215
183,38,11,26,202,27,10,30,206,21,9,30,77
132,15,13,93,100,12,13,114,82,11,10,120,20
38,11,26,202,27,10,30,206,21,9,30,215,10
15,13,93,100,12,13,114,82,11,10,120,77,8
11,26,202,27,10,30,206,21,9,30,215,20,9
13,93,100,12,13,114,82,11,10,120,77,10,21
26,202,27,10,30,206,21,9,30,215,20,8,95
93,100,12,13,114,82,11,10,120,77,10,9,234
202,27,10,30,206,21,9,30,215,20,8,21,99
100,12,13,114,82,11,10,120,77,10,9,95,22
27,10,30,206,21,9,30,215,20,8,21,234,9
12,13,114,82,11,10,120,77,10,9,95,99,8
10,30,206,21,9,30,215,20,8,21,234,22,7
13,114,82,11,10,120,77,10,9,95,99,9,9
30,206,21,9,30,215,20,8,21,234,22,8,35
114,82,11,10,120,77,10,9,95,99,9,7,176
206,21,9,30,215,20,8,21,234,22,8,9,215
82,11,10,120,77,10,9,95,99,9,7,35,46
21,9,30,215,20,8,21,234,22,8,9,176,11
11,10,120,77,10,9,95,99,9,7,35,215,7
9,30,215,20,8,21,234,22,8,9,176,46,5
10,120,77,10,9,95,99,9,7,35,215,11,4
30,215,20,8,21,234,22,8,9,176,46,7,3
120,77,10,9,95,99,9,7,35,215,11,5,4
215,20,8,21,234,22,8,9,176,46,7,4,19
77,10,9,95,99,9,7,35,215,11,5,3,105
20,8,21,234,22,8,9,176,46,7,4,4,125
10,9,95,99,9,7,35,215,11,5,3,19,55
8,21,234,22,8,9,176,46,7,4,4,105,30
9,95,99,9,7,35,215,11,5,3,19,125,28
21,234,22,8,9,176,46,7,4,4,105,55,41
95,99,9,7,35,215,11,5,3,19,125,30,71
234,22,8,9,176,46,7,4,4,105,55,28,98
99,9,7,35,215,11,5,3,19,125,30,41,79
22,8,9,176,46,7,4,4,105,55,28,71,49
9,7,35,215,11,5,3,19,125,30,41,98,34
8,9,176,46,7,4,4,105,55,28,71,79,33
7,35,215,11,5,3,19,125,30,41,98,49,47
9,176,46,7,4,4,105,55,28,71,79,34,75
35,215,11,5,3,19,125,30,41,98,49,33,95
176,46,7,4,4,105,55,28,71,79,34,47,76
215,11,5,3,19,125,30,41,98,49,33,75,48
46,7,4,4,105,55,28,71,79,34,47,95,34
11,5,3,19,125,30,41,98,49,33,75,76,35
7,4,4,105,55,28,71,79,34,47,95,48,49
5,3,19,125,30,41,98,49,33,75,76,34,78
4,4,105,55,28,71,79,34,47,95,48,35,96
3,19,125,30,41,98,49,33,75,76,34,49,75
4,105,55,28,71,79,34,47,95,48,35,78,47
19,125,30,41,98,49,33,75,76,34,49,96,34
105,55,28,71,79,34,47,95,48,35,78,75,34
125,30,41,98,49,33,75,76,34,49,96,47,49
55,28,71,79,34,47,95,48,35,78,75,34,81
30,41,98,49,33,75,76,34,49,96,47,34,99
28,71,79,34,47,95,48,35,78,75,34,49,76
41,98,49,33,75,76,34,49,96,47,34,81,46
71,79,34,47,95,48,35,78,75,34,49,99,32
98,49,33,75,76,34,49,96,47,34,81,76,33
79,34,47,95,48,35,78,75,34,49,99,46,49
49,33,75,76,34,49,96,47,34,81,76,32,83
34,47,95,48,35,78,75,34,49,99,46,33,101
33,75,76,34,49,96,47,34,81,76,32,49,74
47,95,48,35,78,75,34,49,99,46,33,83,44
75,76,34,49,96,47,34,81,76,32,49,101,32
95,48,35,78,75,34,49,99,46,33,83,74,33
76,34,49,96,47,34,81,76,32,49,101,44,50
48,35,78,75,34,49,99,46,33,83,74,32,85
34,49,96,47,34,81,76,32,49,101,44,33,103
35,78,75,34,49,99,46,33,83,74,32,50,73
49,96,47,34,81,76,32,49,101,44,33,85,43
78,75,34,49,99,46,33,83,74,32,50,103,30
96,47,34,81,76,32,49,101,44,33,85,73,31
75,34,49,99,46,33,83,74,32,50,103,43,49
47,34,81,76,32,49,101,44,33,85,73,30,85
34,49,99,46,33,83,74,32,50,103,43,31,106
34,81,76,32,49,101,44,33,85,73,30,49,74
49,99,46,33,83,74,32,50,103,43,31,85,43
81,76,32,49,101,44,33,85,73,30,49,106,31
99,46,33,83,74,32,50,103,43,31,85,74,31
76,32,49,101,44,33,85,73,30,49,106,43,49
46,33,83,74,32,50,103,43,31,85,74,31,87
32,49,101,44,33,85,73,30,49,106,43,31,109
33,83,74,32,50,103,43,31,85,74,31,49,76
49,101,44,33,85,73,30,49,106,43,31,87,41
83,74,32,50,103,43,31,85,74,31,49,109,29
101,44,33,85,73,30,49,106,43,31,87,76,30
74,32,50,103,43,31,85,74,31,49,109,41,47
44,33,85,73,30,49,106,43,31,87,76,29,87
32,50,103,43,31,85,74,31,49,109,41,30,110
33,85,73,30,49,106,43,31,87,76,29,47,76
50,103,43,31,85,74,31,49,109,41,30,87,41
85,73,30,49,106,43,31,87,76,29,47,110,28
103,43,31,85,74,31,49,109,41,30,87,76,30
73,30,49,106,43,31,87,76,29,47,110,41,47
43,31,85,74,31,49,109,41,30,87,76,28,88
30,49,106,43,31,87,76,29,47,110,41,30,114
31,85,74,31,49,109,41,30,87,76,28,47,79
49,106,43,31,87,76,29,47,110,41,30,88,41
85,74,31,49,109,41,30,87,76,28,47,114,28
106,43,31,87,76,29,47,110,41,30,88,79,28
74,31,49,109,41,30,87,76,28,47,114,41,45
43,31,87,76,29,47,110,41,30,88,79,28,86
31,49,109,41,30,87,76,28,47,114,41,28,117
31,87,76,29,47,110,41,30,88,79,28,45,82
49,109,41,30,87,76,28,47,114,41,28,86,42
87,76,29,47,110,41,30,88,79,28,45,117,26
109,41,30,87,76,28,47,114,41,28,86,82,26
76,29,47,110,41,30,88,79,28,45,117,42,43
41,30,87,76,28,47,114,41,28,86,82,26,84
29,47,110,41,30,88,79,28,45,117,42,26,119
30,87,76,28,47,114,41,28,86,82,26,43,85
47,110,41,30,88,79,28,45,117,42,26,84,42
87,76,28,47,114,41,28,86,82,26,43,119,26
110,41,30,88,79,28,45,117,42,26,84,85,25
76,28,47,114,41,28,86,82,26,43,119,42,39
41,30,88,79,28,45,117,42,26,84,85,26,80
28,47,114,41,28,86,82,26,43,119,42,25,121
30,88,79,28,45,117,42,26,84,85,26,39,90
47,114,41,28,86,82,26,43,119,42,25,80,43
88,79,28,45,117,42,26,84,85,26,39,121,26
114,41,28,86,82,26,43,119,42,25,80,90,24
79,28,45,117,42,26,84,85,26,39,121,43,36
41,28,86,82,26,43,119,42,25,80,90,26,76
28,45,117,42,26,84,85,26,39,121,43,24,123
28,86,82,26,43,119,42,25,80,90,26,36,96
45,117,42,26,84,85,26,39,121,43,24,76,46
86,82,26,43,119,42,25,80,90,26,36,123,26
117,42,26,84,85,26,39,121,43,24,76,96,23
82,26,43,119,42,25,80,90,26,36,123,46,35
42,26,84,85,26,39,121,43,24,76,96,26,72
26,43,119,42,25,80,90,26,36,123,46,23,123
26,84,85,26,39,121,43,24,76,96,26,35,102
43,119,42,25,80,90,26,36,123,46,23,72,50
84,85,26,39,121,43,24,76,96,26,35,123,27
119,42,25,80,90,26,36,123,46,23,72,102,22
85,26,39,121,43,24,76,96,26,35,123,50,31
42,25,80,90,26,36,123,46,23,72,102,27,64
26,39,121,43,24,76,96,26,35,123,50,22,121
25,80,90,26,36,123,46,23,72,102,27,31,110
39,121,43,24,76,96,26,35,123,50,22,64,53
80,90,26,36,123,46,23,72,102,27,31,121,27
121,43,24,76,96,26,35,123,50,22,64,110,21
90,26,36,123,46,23,72,102,27,31,121,53,28
43,24,76,96,26,35,123,50,22,64,110,27,57
26,36,123,46,23,72,102,27,31,121,53,21,117
24,76,96,26,35,123,50,22,64,110,27,28,120
36,123,46,23,72,102,27,31,121,53,21,57,59
76,96,26,35,123,50,22,64,110,27,28,117,28
123,46,23,72,102,27,31,121,53,21,57,120,20
96,26,35,123,50,22,64,110,27,28,117,59,25
46,23,72,102,27,31,121,53,21,57,120,28,49
26,35,123,50,22,64,110,27,28,117,59,20,109
23,72,102,27,31,121,53,21,57,120,28,25,128
35,123,50,22,64,110,27,28,117,59,20,49,68
72,102,27,31,121,53,21,57,120,28,25,109,31
123,50,22,64,110,27,28,117,59,20,49,128,20
102,27,31,121,53,21,57,120,28,25,109,68,23
50,22,64,110,27,28,117,59,20,49,128,31,43
27,31,121,53,21,57,120,28,25,109,68,20,98
22,64,110,27,28,117,59,20,49,128,31,23,135
31,121,53,21,57,120,28,25,109,68,20,43,77
64,110,27,28,117,59,20,49,128,31,23,98,34
121,53,21,57,120,28,25,109,68,20,43,135,22
110,27,28,117,59,20,49,128,31,23,98,77,22
53,21,57,120,28,25,109,68,20,43,135,34,36
27,28,117,59,20,49,128,31,23,98,77,22,86
21,57,120,28,25,109,68,20,43,135,34,22,139
28,117,59,20,49,128,31,23,98,77,22,36,91
57,120,28,25,109,68,20,43,135,34,22,86,38
117,59,20,49,128,31,23,98,77,22,36,139,21
120,28,25,109,68,20,43,135,34,22,86,91,19
59,20,49,128,31,23,98,77,22,36,139,38,30
28,25,109,68,20,43,135,34,22,86,91,21,73
20,49,128,31,23,98,77,22,36,139,38,19,137
25,109,68,20,43,135,34,22,86,91,21,30,107
49,128,31,23,98,77,22,36,139,38,19,73,44
109,68,20,43,135,34,22,86,91,21,30,137,23
128,31,23,98,77,22,36,139,38,19,73,107,19
68,20,43,135,34,22,86,91,21,30,137,44,26
31,23,98,77,22,36,139,38,19,73,107,23,59
20,43,135,34,22,86,91,21,30,137,44,19,129
23,98,77,22,36,139,38,19,73,107,23,26,125
43,135,34,22,86,91,21,30,137,44,19,59,55
98,77,22,36,139,38,19,73,107,23,26,129,24
135,34,22,86,91,21,30,137,44,19,59,125,18
77,22,36,139,38,19,73,107,23,26,129,55,22
34,22,86,91,21,30,137,44,19,59,125,24,47
22,36,139,38,19,73,107,23,26,129,55,18,114
22,86,91,21,30,137,44,19,59,125,24,22,140
36,139,38,19,73,107,23,26,129,55,18,47,68
86,91,21,30,137,44,19,59,125,24,22,114,28
139,38,19,73,107,23,26,129,55,18,47,140,18
91,21,30,137,44,19,59,125,24,22,114,68,19
38,19,73,107,23,26,129,55,18,47,140,28,36
21,30,137,44,19,59,125,24,22,114,68,18,93
19,73,107,23,26,129,55,18,47,140,28,19,150
30,137,44,19,59,125,24,22,114,68,18,36,88
73,107,23,26,129,55,18,47,140,28,19,93,34
137,44,19,59,125,24,22,114,68,18,36,150,19
107,23,26,129,55,18,47,140,28,19,93,88,18
44,19,59,125,24,22,114,68,18,36,150,34,28
23,26,129,55,18,47,140,28,19,93,88,19,72
19,59,125,24,22,114,68,18,36,150,34,18,147
26,129,55,18,47,140,28,19,93,88,19,28,112
59,125,24,22,114,68,18,36,150,34,18,72,43
129,55,18,47,140,28,19,93,88,19,28,147,20
125,24,22,114,68,18,36,150,34,18,72,112,16
55,18,47,140,28,19,93,88,19,28,147,43,23
24,22,114,68,18,36,150,34,18,72,112,20,53
18,47,140,28,19,93,88,19,28,147,43,16,131
22,114,68,18,36,150,34,18,72,112,20,23,137
47,140,28,19,93,88,19,28,147,43,16,53,58
114,68,18,36,150,34,18,72,112,20,23,131,24
140,28,19,93,88,19,28,147,43,16,53,137,16
68,18,36,150,34,18,72,112,20,23,131,58,19
28,19,93,88,19,28,147,43,16,53,137,24,38
18,36,150,34,18,72,112,20,23,131,58,16,104
19,93,88,19,28,147,43,16,53,137,24,19,156
36,150,34,18,72,112,20,23,131,58,16,38,80
93,88,19,28,147,43,16,53,137,24,19,104,30
150,34,18,72,112,20,23,131,58,16,38,156,17
88,19,28,147,43,16,53,137,24,19,104,80,16
34,18,72,112,20,23,131,58,16,38,156,30,28
19,28,147,43,16,53,137,24,19,104,80,17,75
18,72,112,20,23,131,58,16,38,156,30,16,156
28,147,43,16,53,137,24,19,104,80,17,28,112
72,112,20,23,131,58,16,38,156,30,16,75,40
147,43,16,53,137,24,19,104,80,17,28,156,18
112,20,23,131,58,16,38,156,30,16,75,112,15
43,16,53,137,24,19,104,80,17,28,156,40,21
20,23,131,58,16,38,156,30,16,75,112,18,51
16,53,137,24,19,104,80,17,28,156,40,15,132
23,131,58,16,38,156,30,16,75,112,18,21,145
53,137,24,19,104,80,17,28,156,40,15,51,59
131,58,16,38,156,30,16,75,112,18,21,132,22
137,24,19,104,80,17,28,156,40,15,51,145,15
58,16,38,156,30,16,75,112,18,21,132,59,17
24,19,104,80,17,28,156,40,15,51,145,22,32
16,38,156,30,16,75,112,18,21,132,59,15,96
19,104,80,17,28,156,40,15,51,145,22,17,164
38,156,30,16,75,112,18,21,132,59,15,32,89
104,80,17,28,156,40,15,51,145,22,17,96,30
156,30,16,75,112,18,21,132,59,15,32,164,16
80,17,28,156,40,15,51,145,22,17,96,89,14
30,16,75,112,18,21,132,59,15,32,164,30,24
17,28,156,40,15,51,145,22,17,96,89,16,62
16,75,112,18,21,132,59,15,32,164,30,14,153
28,156,40,15,51,145,22,17,96,89,16,24,130
75,112,18,21,132,59,15,32,164,30,14,62,46
156,40,15,51,145,22,17,96,89,16,24,153,19
112,18,21,132,59,15,32,164,30,14,62,130,13
40,15,51,145,22,17,96,89,16,24,153,46,17
18,21,132,59,15,32,164,30,14,62,130,19,37
15,51,145,22,17,96,89,16,24,153,46,13,113
21,132,59,15,32,164,30,14,62,130,19,17,165
51,145,22,17,96,89,16,24,153,46,13,37,75
132,59,15,32,164,30,14,62,130,19,17,113,25
145,22,17,96,89,16,24,153,46,13,37,165,14
59,15,32,164,30,14,62,130,19,17,113,75,13
22,17,96,89,16,24,153,46,13,37,165,25,24
15,32,164,30,14,62,130,19,17,113,75,14,68
17,96,89,16,24,153,46,13,37,165,25,13,164
32,164,30,14,62,130,19,17,113,75,14,24,123
96,89,16,24,153,46,13,37,165,25,13,68,40
164,30,14,62,130,19,17,113,75,14,24,164,17
89,16,24,153,46,13,37,165,25,13,68,123,13
30,14,62,130,19,17,113,75,14,24,164,40,16
16,24,153,46,13,37,165,25,13,68,123,17,38
14,62,130,19,17,113,75,14,24,164,40,13,118
24,153,46,13,37,165,25,13,68,123,17,16,170
62,130,19,17,113,75,14,24,164,40,13,38,71
153,46,13,37,165,25,13,68,123,17,16,118,24
130,19,17,113,75,14,24,164,40,13,38,170,13
46,13,37,165,25,13,68,123,17,16,118,71,12
19,17,113,75,14,24,164,40,13,38,170,24,22
13,37,165,25,13,68,123,17,16,118,71,13,65
17,113,75,14,24,164,40,13,38,170,24,12,167
37,165,25,13,68,123,17,16,118,71,13,22,129
113,75,14,24,164,40,13,38,170,24,12,65,40
165,25,13,68,123,17,16,118,71,13,22,167,16
75,14,24,164,40,13,38,170,24,12,65,129,12
25,13,68,123,17,16,118,71,13,22,167,40,14
14,24,164,40,13,38,170,24,12,65,129,16,33
13,68,123,17,16,118,71,13,22,167,40,12,107
24,164,40,13,38,170,24,12,65,129,16,14,182
68,123,17,16,118,71,13,22,167,40,12,33,81
164,40,13,38,170,24,12,65,129,16,14,107,24
123,17,16,118,71,13,22,167,40,12,33,182,12
40,13,38,170,24,12,65,129,16,14,107,81,11
17,16,118,71,13,22,167,40,12,33,182,24,17
13,38,170,24,12,65,129,16,14,107,81,12,51
16,118,71,13,22,167,40,12,33,182,24,11,156
38,170,24,12,65,129,16,14,107,81,12,17,155
118,71,13,22,167,40,12,33,182,24,11,51,49
170,24,12,65,129,16,14,107,81,12,17,156,17
71,13,22,167,40,12,33,182,24,11,51,155,11
24,12,65,129,16,14,107,81,12,17,156,49,11
13,22,167,40,12,33,182,24,11,51,155,17,23
12,65,129,16,14,107,81,12,17,156,49,11,77
22,167,40,12,33,182,24,11,51,155,17,11,189
65,129,16,14,107,81,12,17,156,49,11,23,115
167,40,12,33,182,24,11,51,155,17,11,77,32
129,16,14,107,81,12,17,156,49,11,23,189,13
40,12,33,182,24,11,51,155,17,11,77,115,9
16,14,107,81,12,17,156,49,11,23,189,32,12
12,33,182,24,11,51,155,17,11,77,115,13,30
14,107,81,12,17,156,49,11,23,189,32,9,107
33,182,24,11,51,155,17,11,77,115,13,12,197
107,81,12,17,156,49,11,23,189,32,9,30,82
182,24,11,51,155,17,11,77,115,13,12,107,23
81,12,17,156,49,11,23,189,32,9,30,197,10
24,11,51,155,17,11,77,115,13,12,107,82,9
12,17,156,49,11,23,189,32,9,30,197,23,12
11,51,155,17,11,77,115,13,12,107,82,10,36
17,156,49,11,23,189,32,9,30,197,23,9,134
51,155,17,11,77,115,13,12,107,82,10,12,192
156,49,11,23,189,32,9,30,197,23,9,36,64
155,17,11,77,115,13,12,107,82,10,12,134,18
49,11,23,189,32,9,30,197,23,9,36,192,10
17,11,77,115,13,12,107,82,10,12,134,64,8
11,23,189,32,9,30,197,23,9,36,192,18,13
11,77,115,13,12,107,82,10,12,134,64,10,37
23,189,32,9,30,197,23,9,36,192,18,8,148
77,115,13,12,107,82,10,12,134,64,10,13,195
189,32,9,30,197,23,9,36,192,18,8,37,58
115,13,12,107,82,10,12,134,64,10,13,148,16
32,9,30,197,23,9,36,192,18,8,37,195,9
13,12,107,82,10,12,134,64,10,13,148,58,8
9,30,197,23,9,36,192,18,8,37,195,16,10
12,107,82,10,12,134,64,10,13,148,58,9,29
30,197,23,9,36,192,18,8,37,195,16,8,132
107,82,10,12,134,64,10,13,148,58,9,10,220
197,23,9,36,192,18,8,37,195,16,8,29,67
82,10,12,134,64,10,13,148,58,9,10,132,15
23,9,36,192,18,8,37,195,16,8,29,220,8
10,12,134,64,10,13,148,58,9,10,132,67,6
9,36,192,18,8,37,195,16,8,29,220,15,7
12,134,64,10,13,148,58,9,10,132,67,8,14
36,192,18,8,37,195,16,8,29,220,15,6,66
134,64,10,13,148,58,9,10,132,67,8,7,237
192,18,8,37,195,16,8,29,220,15,6,14,137
64,10,13,148,58,9,10,132,67,8,7,66,25
18,8,37,195,16,8,29,220,15,6,14,237,9
10,13,148,58,9,10,132,67,8,7,66,137,6
8,37,195,16,8,29,220,15,6,14,237,25,5
13,148,58,9,10,132,67,8,7,66,137,9,4
37,195,16,8,29,220,15,6,14,237,25,6,5
148,58,9,10,132,67,8,7,66,137,9,5,25
195,16,8,29,220,15,6,14,237,25,6,4,165
58,9,10,132,67,8,7,66,137,9,5,5,233
16,8,29,220,15,6,14,237,25,6,4,25,51
9,10,132,67,8,7,66,137,9,5,5,165,12
8,29,220,15,6,14,237,25,6,4,25,233,7
10,132,67,8,7,66,137,9,5,5,165,51,7
29,220,15,6,14,237,25,6,4,25,233,12,7
132,67,8,7,66,137,9,5,5,165,51,7,18
220,15,6,14,237,25,6,4,25,233,12,7,80
67,8,7,66,137,9,5,5,165,51,7,7,201
15,6,14,237,25,6,4,25,233,12,7,18,109
8,7,66,137,9,5,5,165,51,7,7,80,29
6,14,237,25,6,4,25,233,12,7,18,201,12
7,66,137,9,5,5,165,51,7,7,80,109,10
14,237,25,6,4,25,233,12,7,18,201,29,14
66,137,9,5,5,165,51,7,7,80,109,12,38
237,25,6,4,25,233,12,7,18,201,29,10,128
137,9,5,5,165,51,7,7,80,109,12,14,169
25,6,4,25,233,12,7,18,201,29,10,38,63
9,5,5,165,51,7,7,80,109,12,14,128,20
6,4,25,233,12,7,18,201,29,10,38,169,11
5,5,165,51,7,7,80,109,12,14,128,63,11
4,25,233,12,7,18,201,29,10,38,169,20,23
5,165,51,7,7,80,109,12,14,128,63,11,74
25,233,12,7,18,201,29,10,38,169,20,11,173
165,51,7,7,80,109,12,14,128,63,11,23,114
233,12,7,18,201,29,10,38,169,20,11,74,34
51,7,7,80,109,12,14,128,63,11,23,173,14
12,7,18,201,29,10,38,169,20,11,74,114,11
7,7,80,109,12,14,128,63,11,23,173,34,14
7,18,201,29,10,38,169,20,11,74,114,14,37
7,80,109,12,14,128,63,11,23,173,34,11,122
18,201,29,10,38,169,20,11,74,114,14,14,172
80,109,12,14,128,63,11,23,173,34,11,37,67
201,29,10,38,169,20,11,74,114,14,14,122,21
109,12,14,128,63,11,23,173,34,11,37,172,11
29,10,38,169,20,11,74,114,14,14,122,67,11
12,14,128,63,11,23,173,34,11,37,172,21,20
10,38,169,20,11,74,114,14,14,122,67,11,64
14,128,63,11,23,173,34,11,37,172,21,11,169
38,169,20,11,74,114,14,14,122,67,11,20,131
128,63,11,23,173,34,11,37,172,21,11,64,39
169,20,11,74,114,14,14,122,67,11,20,169,13
63,11,23,173,34,11,37,172,21,11,64,131,9
20,11,74,114,14,14,122,67,11,20,169,39,12
11,23,173,34,11,37,172,21,11,64,131,13,28
11,74,114,14,14,122,67,11,20,169,39,9,100
23,173,34,11,37,172,21,11,64,131,13,12,188
74,114,14,14,122,67,11,20,169,39,9,28,88
173,34,11,37,172,21,11,64,131,13,12,100,25
114,14,14,122,67,11,20,169,39,9,28,188,11
34,11,37,172,21,11,64,131,13,12,100,88,10
14,14,122,67,11,20,169,39,9,28,188,25,14
11,37,172,21,11,64,131,13,12,100,88,11,41
14,122,67,11,20,169,39,9,28,188,25,10,141
37,172,21,11,64,131,13,12,100,88,11,14,176
122,67,11,20,169,39,9,28,188,25,10,41,57
172,21,11,64,131,13,12,100,88,11,14,141,17
67,11,20,169,39,9,28,188,25,10,41,176,10
21,11,64,131,13,12,100,88,11,14,141,57,10
11,20,169,39,9,28,188,25,10,41,176,17,16
11,64,131,13,12,100,88,11,14,141,57,10,56
20,169,39,9,28,188,25,10,41,176,17,10,175
64,131,13,12,100,88,11,14,141,57,10,16,149
169,39,9,28,188,25,10,41,176,17,10,56,41
131,13,12,100,88,11,14,141,57,10,16,175,14
39,9,28,188,25,10,41,176,17,10,56,149,8
13,12,100,88,11,14,141,57,10,16,175,41,9
9,28,188,25,10,41,176,17,10,56,149,14,18
12,100,88,11,14,141,57,10,16,175,41,8,67
28,188,25,10,41,176,17,10,56,149,14,9,196
100,88,11,14,141,57,10,16,175,41,8,18,130
188,25,10,41,176,17,10,56,149,14,9,67,32
88,11,14,141,57,10,16,175,41,8,18,196,11
25,10,41,176,17,10,56,149,14,9,67,130,8
11,14,141,57,10,16,175,41,8,18,196,32,7
10,41,176,17,10,56,149,14,9,67,130,11,17
14,141,57,10,16,175,41,8,18,196,32,8,66
41,176,17,10,56,149,14,9,67,130,11,7,207
141,57,10,16,175,41,8,18,196,32,8,17,131
176,17,10,56,149,14,9,67,130,11,7,66,30
57,10,16,175,41,8,18,196,32,8,17,207,10
17,10,56,149,14,9,67,130,11,7,66,131,7
10,16,175,41,8,18,196,32,8,17,207,30,6
10,56,149,14,9,67,130,11,7,66,131,10,12
16,175,41,8,18,196,32,8,17,207,30,7,48
56,149,14,9,67,130,11,7,66,131,10,6,193
175,41,8,18,196,32,8,17,207,30,7,12,172
149,14,9,67,130,11,7,66,131,10,6,48,39
41,8,18,196,32,8,17,207,30,7,12,193,11
14,9,67,130,11,7,66,131,10,6,48,172,7
8,18,196,32,8,17,207,30,7,12,193,39,6
9,67,130,11,7,66,131,10,6,48,172,11,6
18,196,32,8,17,207,30,7,12,193,39,7,16
67,130,11,7,66,131,10,6,48,172,11,6,86
196,32,8,17,207,30,7,12,193,39,7,6,255
130,11,7,66,131,10,6,48,172,11,6,16,107
32,8,17,207,30,7,12,193,39,7,6,86,19
11,7,66,131,10,6,48,172,11,6,16,255,8
8,17,207,30,7,12,193,39,7,6,86,107,5
7,66,131,10,6,48,172,11,6,16,255,19,4
17,207,30,7,12,193,39,7,6,86,107,8,3
66,131,10,6,48,172,11,6,16,255,19,5,2
207,30,7,12,193,39,7,6,86,107,8,4,2
131,10,6,48,172,11,6,16,255,19,5,3,7
30,7,12,193,39,7,6,86,107,8,4,2,23
10,6,48,172,11,6,16,255,19,5,3,2,8
7,12,193,39,7,6,86,107,8,4,2,7,6
6,48,172,11,6,16,255,19,5,3,2,23,8
12,193,39,7,6,86,107,8,4,2,7,8,16
48,172,11,6,16,255,19,5,3,2,23,6,33
193,39,7,6,86,107,8,4,2,7,8,8,57
172,11,6,16,255,19,5,3,2,23,6,16,65
39,7,6,86,107,8,4,2,7,8,8,33,56
11,6,16,255,19,5,3,2,23,6,16,57,46
7,6,86,107,8,4,2,7,8,8,33,65,46
6,16,255,19,5,3,2,23,6,16,57,56,54
6,86,107,8,4,2,7,8,8,33,65,46,64
16,255,19,5,3,2,23,6,16,57,56,46,66
86,107,8,4,2,7,8,8,33,65,46,54,59
255,19,5,3,2,23,6,16,57,56,46,64,49
107,8,4,2,7,8,8,33,65,46,54,66,46
19,5,3,2,23,6,16,57,56,46,64,59,48
8,4,2,7,8,8,33,65,46,54,66,49,58
5,3,2,23,6,16,57,56,46,64,59,46,67
4,2,7,8,8,33,65,46,54,66,49,48,67
3,2,23,6,16,57,56,46,64,59,46,58,60
2,7,8,8,33,65,46,54,66,49,48,67,50
2,23,6,16,57,56,46,64,59,46,58,67,47
7,8,8,33,65,46,54,66,49,48,67,60,51
23,6,16,57,56,46,64,59,46,58,67,50,60
8,8,33,65,46,54,66,49,48,67,60,47,69
6,16,57,56,46,64,59,46,58,67,50,51,68
8,33,65,46,54,66,49,48,67,60,47,60,58
16,57,56,46,64,59,46,58,67,50,51,69,50
33,65,46,54,66,49,48,67,60,47,60,68,46
57,56,46,64,59,46,58,67,50,51,69,58,52
65,46,54,66,49,48,67,60,47,60,68,50,61
56,46,64,59,46,58,67,50,51,69,58,46,71
46,54,66,49,48,67,60,47,60,68,50,52,68
46,64,59,46,58,67,50,51,69,58,46,61,58
54,66,49,48,67,60,47,60,68,50,52,71,48
64,59,46,58,67,50,51,69,58,46,61,68,46
66,49,48,67,60,47,60,68,50,52,71,58,53
59,46,58,67,50,51,69,58,46,61,68,48,64
49,48,67,60,47,60,68,50,52,71,58,46,72
46,58,67,50,51,69,58,46,61,68,48,53,68
48,67,60,47,60,68,50,52,71,58,46,64,56
58,67,50,51,69,58,46,61,68,48,53,72,47
67,60,47,60,68,50,52,71,58,46,64,68,45
67,50,51,69,58,46,61,68,48,53,72,56,53
60,47,60,68,50,52,71,58,46,64,68,47,65
50,51,69,58,46,61,68,48,53,72,56,45,73
47,60,68,50,52,71,58,46,64,68,47,53,67
51,69,58,46,61,68,48,53,72,56,45,65,54
60,68,50,52,71,58,46,64,68,47,53,73,46
69,58,46,61,68,48,53,72,56,45,65,67,46
68,50,52,71,58,46,64,68,47,53,73,54,55
58,46,61,68,48,53,72,56,45,65,67,46,67
50,52,71,58,46,64,68,47,53,73,54,46,74
46,61,68,48,53,72,56,45,65,67,46,55,66
52,71,58,46,64,68,47,53,73,54,46,67,54
61,68,48,53,72,56,45,65,67,46,55,74,44
71,58,46,64,68,47,53,73,54,46,67,66,46
68,48,53,72,56,45,65,67,46,55,74,54,55
58,46,64,68,47,53,73,54,46,67,66,44,70
48,53,72,56,45,65,67,46,55,74,54,46,76
46,64,68,47,53,73,54,46,67,66,44,55,66
53,72,56,45,65,67,46,55,74,54,46,70,51
64,68,47,53,73,54,46,67,66,44,55,76,45
72,56,45,65,67,46,55,74,54,46,70,66,46
68,47,53,73,54,46,67,66,44,55,76,51,58
56,45,65,67,46,55,74,54,46,70,66,45,73
47,53,73,54,46,67,66,44,55,76,51,46,77
45,65,67,46,55,74,54,46,70,66,45,58,65
53,73,54,46,67,66,44,55,76,51,46,73,52
65,67,46,55,74,54,46,70,66,45,58,77,44
73,54,46,67,66,44,55,76,51,46,73,65,46
67,46,55,74,54,46,70,66,45,58,77,52,59
54,46,67,66,44,55,76,51,46,73,65,44,75
46,55,74,54,46,70,66,45,58,77,52,46,78
46,67,66,44,55,76,51,46,73,65,44,59,64
55,74,54,46,70,66,45,58,77,52,46,75,49
67,66,44,55,76,51,46,73,65,44,59,78,43
74,54,46,70,66,45,58,77,52,46,75,64,47
66,44,55,76,51,46,73,65,44,59,78,49,61
54,46,70,66,45,58,77,52,46,75,64,43,78
44,55,76,51,46,73,65,44,59,78,49,47,79
46,70,66,45,58,77,52,46,75,64,43,61,63
55,76,51,46,73,65,44,59,78,49,47,78,47
70,66,45,58,77,52,46,75,64,43,61,79,43
76,51,46,73,65,44,59,78,49,47,78,63,47
66,45,58,77,52,46,75,64,43,61,79,47,63
51,46,73,65,44,59,78,49,47,78,63,43,80
45,58,77,52,46,75,64,43,61,79,47,47,79
46,73,65,44,59,78,49,47,78,63,43,63,61
58,77,52,46,75,64,43,61,79,47,47,80,46
73,65,44,59,78,49,47,78,63,43,63,79,42
77,52,46,75,64,43,61,79,47,47,80,61,48
65,44,59,78,49,47,78,63,43,63,79,46,66
52,46,75,64,43,61,79,47,47,80,61,42,84
44,59,78,49,47,78,63,43,63,79,46,48,80
46,75,64,43,61,79,47,47,80,61,42,66,60
59,78,49,47,78,63,43,63,79,46,48,84,46
75,64,43,61,79,47,47,80,61,42,66,80,42
78,49,47,78,63,43,63,79,46,48,84,60,50
64,43,61,79,47,47,80,61,42,66,80,46,68
49,47,78,63,43,63,79,46,48,84,60,42,86
43,61,79,47,47,80,61,42,66,80,46,50,80
47,78,63,43,63,79,46,48,84,60,42,68,59
61,79,47,47,80,61,42,66,80,46,50,86,43
78,63,43,63,79,46,48,84,60,42,68,80,41
79,47,47,80,61,42,66,80,46,50,86,59,50
63,43,63,79,46,48,84,60,42,68,80,43,71
47,47,80,61,42,66,80,46,50,86,59,41,88
43,63,79,46,48,84,60,42,68,80,43,50,79
47,80,61,42,66,80,46,50,86,59,41,71,56
63,79,46,48,84,60,42,68,80,43,50,88,41
80,61,42,66,80,46,50,86,59,41,71,79,41
79,46,48,84,60,42,68,80,43,50,88,56,51
61,42,66,80,46,50,86,59,41,71,79,41,73
46,48,84,60,42,68,80,43,50,88,56,41,91
42,66,80,46,50,86,59,41,71,79,41,51,78
48,84,60,42,68,80,43,50,88,56,41,73,55
66,80,46,50,86,59,41,71,79,41,51,91,41
84,60,42,68,80,43,50,88,56,41,73,78,40
80,46,50,86,59,41,71,79,41,51,91,55,52
60,42,68,80,43,50,88,56,41,73,78,41,75
46,50,86,59,41,71,79,41,51,91,55,40,94
42,68,80,43,50,88,56,41,73,78,41,52,78
50,86,59,41,71,79,41,51,91,55,40,75,54
68,80,43,50,88,56,41,73,78,41,52,94,39
86,59,41,71,79,41,51,91,55,40,75,78,40
80,43,50,88,56,41,73,78,41,52,94,54,52
59,41,71,79,41,51,91,55,40,75,78,39,79
43,50,88,56,41,73,78,41,52,94,54,40,95
41,71,79,41,51,91,55,40,75,78,39,52,76
50,88,56,41,73,78,41,52,94,54,40,79,50
71,79,41,51,91,55,40,75,78,39,52,95,37
88,56,41,73,78,41,52,94,54,40,79,76,38
79,41,51,91,55,40,75,78,39,52,95,50,52
56,41,73,78,41,52,94,54,40,79,76,37,80
41,51,91,55,40,75,78,39,52,95,50,38,97
41,73,78,41,52,94,54,40,79,76,37,52,76
51,91,55,40,75,78,39,52,95,50,38,80,50
73,78,41,52,94,54,40,79,76,37,52,97,36
91,55,40,75,78,39,52,95,50,38,80,76,37
78,41,52,94,54,40,79,76,37,52,97,50,54
55,40,75,78,39,52,95,50,38,80,76,36,83
41,52,94,54,40,79,76,37,52,97,50,37,98
40,75,78,39,52,95,50,38,80,76,36,54,74
52,94,54,40,79,76,37,52,97,50,37,83,47
75,78,39,52,95,50,38,80,76,36,54,98,34
94,54,40,79,76,37,52,97,50,37,83,74,37
78,39,52,95,50,38,80,76,36,54,98,47,53
54,40,79,76,37,52,97,50,37,83,74,34,85
39,52,95,50,38,80,76,36,54,98,47,37,100
40,79,76,37,52,97,50,37,83,74,34,53,74
52,95,50,38,80,76,36,54,98,47,37,85,45
79,76,37,52,97,50,37,83,74,34,53,100,34
95,50,38,80,76,36,54,98,47,37,85,74,35
76,37,52,97,50,37,83,74,34,53,100,45,54
50,38,80,76,36,54,98,47,37,85,74,34,87
37,52,97,50,37,83,74,34,53,100,45,35,103
38,80,76,36,54,98,47,37,85,74,34,54,72
52,97,50,37,83,74,34,53,100,45,35,87,43
80,76,36,54,98,47,37,85,74,34,54,103,33
97,50,37,83,74,34,53,100,45,35,87,72,35
76,36,54,98,47,37,85,74,34,54,103,43,53
50,37,83,74,34,53,100,45,35,87,72,33,88
36,54,98,47,37,85,74,34,54,103,43,35,103
37,83,74,34,53,100,45,35,87,72,33,53,73
54,98,47,37,85,74,34,54,103,43,35,88,43
83,74,34,53,100,45,35,87,72,33,53,103,32
98,47,37,85,74,34,54,103,43,35,88,73,33
74,34,53,100,45,35,87,72,33,53,103,43,53
47,37,85,74,34,54,103,43,35,88,73,32,91
34,53,100,45,35,87,72,33,53,103,43,33,105
37,85,74,34,54,103,43,35,88,73,32,53,72
53,100,45,35,87,72,33,53,103,43,33,91,41
85,74,34,54,103,43,35,88,73,32,53,105,31
100,45,35,87,72,33,53,103,43,33,91,72,33
74,34,54,103,43,35,88,73,32,53,105,41,54
45,35,87,72,33,53,103,43,33,91,72,31,91
34,54,103,43,35,88,73,32,53,105,41,33,108
35,87,72,33,53,103,43,33,91,72,31,54,72
54,103,43,35,88,73,32,53,105,41,33,91,41
87,72,33,53,103,43,33,91,72,31,54,108,30
103,43,35,88,73,32,53,105,41,33,91,72,32
72,33,53,103,43,33,91,72,31,54,108,41,51
43,35,88,73,32,53,105,41,33,91,72,30,93
33,53,103,43,33,91,72,31,54,108,41,32,111
35,88,73,32,53,105,41,33,91,72,30,51,74
53,103,43,33,91,72,31,54,108,41,32,93,41
88,73,32,53,105,41,33,91,72,30,51,111,29
103,43,33,91,72,31,54,108,41,32,93,74,31
73,32,53,105,41,33,91,72,30,51,111,41,51
43,33,91,72,31,54,108,41,32,93,74,29,93
32,53,105,41,33,91,72,30,51,111,41,31,113
33,91,72,31,54,108,41,32,93,74,29,51,75
53,105,41,33,91,72,30,51,111,41,31,93,40
91,72,31,54,108,41,32,93,74,29,51,113,29
105,41,33,91,72,30,51,111,41,31,93,75,30
72,31,54,108,41,32,93,74,29,51,113,40,49
41,33,91,72,30,51,111,41,31,93,75,29,92
31,54,108,41,32,93,74,29,51,113,40,30,118
33,91,72,30,51,111,41,31,93,75,29,49,78
54,108,41,32,93,74,29,51,113,40,30,92,41
91,72,30,51,111,41,31,93,75,29,49,118,28
108,41,32,93,74,29,51,113,40,30,92,78,29
72,30,51,111,41,31,93,75,29,49,118,41,46
41,32,93,74,29,51,113,40,30,92,78,28,90
30,51,111,41,31,93,75,29,49,118,41,29,120
32,93,74,29,51,113,40,30,92,78,28,46,82
51,111,41,31,93,75,29,49,118,41,29,90,42
93,74,29,51,113,40,30,92,78,28,46,120,29
111,41,31,93,75,29,49,118,41,29,90,82,28
74,29,51,113,40,30,92,78,28,46,120,42,45
41,31,93,75,29,49,118,41,29,90,82,29,88
29,51,113,40,30,92,78,28,46,120,42,28,124
31,93,75,29,49,118,41,29,90,82,29,45,86
51,113,40,30,92,78,28,46,120,42,28,88,43
93,75,29,49,118,41,29,90,82,29,45,124,27
113,40,30,92,78,28,46,120,42,28,88,86,27
75,29,49,118,41,29,90,82,29,45,124,43,41
40,30,92,78,28,46,120,42,28,88,86,27,83
29,49,118,41,29,90,82,29,45,124,43,27,126
30,92,78,28,46,120,42,28,88,86,27,41,91
49,118,41,29,90,82,29,45,124,43,27,83,45
92,78,28,46,120,42,28,88,86,27,41,126,27
118,41,29,90,82,29,45,124,43,27,83,91,26
78,28,46,120,42,28,88,86,27,41,126,45,38
41,29,90,82,29,45,124,43,27,83,91,27,78
28,46,120,42,28,88,86,27,41,126,45,26,127
29,90,82,29,45,124,43,27,83,91,27,38,99
46,120,42,28,88,86,27,41,126,45,26,78,47
90,82,29,45,124,43,27,83,91,27,38,127,27
120,42,28,88,86,27,41,126,45,26,78,99,24
82,29,45,124,43,27,83,91,27,38,127,47,35
42,28,88,86,27,41,126,45,26,78,99,27,72
29,45,124,43,27,83,91,27,38,127,47,24,126
28,88,86,27,41,126,45,26,78,99,27,35,106
45,124,43,27,83,91,27,38,127,47,24,72,52
88,86,27,41,126,45,26,78,99,27,35,126,28
124,43,27,83,91,27,38,127,47,24,72,106,23
86,27,41,126,45,26,78,99,27,35,126,52,32
43,27,83,91,27,38,127,47,24,72,106,28,65
27,41,126,45,26,78,99,27,35,126,52,23,123
27,83,91,27,38,127,47,24,72,106,28,32,116
41,126,45,26,78,99,27,35,126,52,23,65,56
83,91,27,38,127,47,24,72,106,28,32,123,29
126,45,26,78,99,27,35,126,52,23,65,116,22
91,27,38,127,47,24,72,106,28,32,123,56,28
45,26,78,99,27,35,126,52,23,65,116,29,56
27,38,127,47,24,72,106,28,32,123,56,22,117
26,78,99,27,35,126,52,23,65,116,29,28,126
38,127,47,24,72,106,28,32,123,56,22,56,64
78,99,27,35,126,52,23,65,116,29,28,117,30
127,47,24,72,106,28,32,123,56,22,56,126,22
99,27,35,126,52,23,65,116,29,28,117,64,27
47,24,72,106,28,32,123,56,22,56,126,30,49
27,35,126,52,23,65,116,29,28,117,64,22,107
24,72,106,28,32,123,56,22,56,126,30,27,133
35,126,52,23,65,116,29,28,117,64,22,49,74
72,106,28,32,123,56,22,56,126,30,27,107,32
126,52,23,65,116,29,28,117,64,22,49,133,21
106,28,32,123,56,22,56,126,30,27,107,74,23
52,23,65,116,29,28,117,64,22,49,133,32,41
28,32,123,56,22,56,126,30,27,107,74,21,95
23,65,116,29,28,117,64,22,49,133,32,23,140
32,123,56,22,56,126,30,27,107,74,21,41,84
65,116,29,28,117,64,22,49,133,32,23,95,36
123,56,22,56,126,30,27,107,74,21,41,140,21
116,29,28,117,64,22,49,133,32,23,95,84,21
56,22,56,126,30,27,107,74,21,41,140,36,35
29,28,117,64,22,49,133,32,23,95,84,21,80
22,56,126,30,27,107,74,21,41,140,36,21,141
28,117,64,22,49,133,32,23,95,84,21,35,99
56,126,30,27,107,74,21,41,140,36,21,80,42
117,64,22,49,133,32,23,95,84,21,35,141,22
126,30,27,107,74,21,41,140,36,21,80,99,20
64,22,49,133,32,23,95,84,21,35,141,42,29
30,27,107,74,21,41,140,36,21,80,99,22,67
22,49,133,32,23,95,84,21,35,141,42,20,135
27,107,74,21,41,140,36,21,80,99,22,29,117
49,133,32,23,95,84,21,35,141,42,20,67,49
107,74,21,41,140,36,21,80,99,22,29,135,24
133,32,23,95,84,21,35,141,42,20,67,117,18
74,21,41,140,36,21,80,99,22,29,135,49,25
32,23,95,84,21,35,141,42,20,67,117,24,52
21,41,140,36,21,80,99,22,29,135,49,18,122
23,95,84,21,35,141,42,20,67,117,24,25,134
41,140,36,21,80,99,22,29,135,49,18,52,62
95,84,21,35,141,42,20,67,117,24,25,122,26
140,36,21,80,99,22,29,135,49,18,52,134,18
84,21,35,141,42,20,67,117,24,25,122,62,20
36,21,80,99,22,29,135,49,18,52,134,26,41
21,35,141,42,20,67,117,24,25,122,62,18,104
21,80,99,22,29,135,49,18,52,134,26,20,148
35,141,42,20,67,117,24,25,122,62,18,41,79
80,99,22,29,135,49,18,52,134,26,20,104,32
141,42,20,67,117,24,25,122,62,18,41,148,18
99,22,29,135,49,18,52,134,26,20,104,79,19
42,20,67,117,24,25,122,62,18,41,148,32,32
22,29,135,49,18,52,134,26,20,104,79,18,82
20,67,117,24,25,122,62,18,41,148,32,19,151
29,135,49,18,52,134,26,20,104,79,18,32,100
67,117,24,25,122,62,18,41,148,32,19,82,39
135,49,18,52,134,26,20,104,79,18,32,151,19
117,24,25,122,62,18,41,148,32,19,82,100,17
49,18,52,134,26,20,104,79,18,32,151,39,25
24,25,122,62,18,41,148,32,19,82,100,19,62
18,52,134,26,20,104,79,18,32,151,39,17,140
25,122,62,18,41,148,32,19,82,100,19,25,128
52,134,26,20,104,79,18,32,151,39,17,62,52
122,62,18,41,148,32,19,82,100,19,25,140,22
134,26,20,104,79,18,32,151,39,17,62,128,17
62,18,41,148,32,19,82,100,19,25,140,52,21
26,20,104,79,18,32,151,39,17,62,128,22,44
18,41,148,32,19,82,100,19,25,140,52,17,116
20,104,79,18,32,151,39,17,62,128,22,21,150
41,148,32,19,82,100,19,25,140,52,17,44,71
104,79,18,32,151,39,17,62,128,22,21,116,27
148,32,19,82,100,19,25,140,52,17,44,150,18
79,18,32,151,39,17,62,128,22,21,116,71,18
32,19,82,100,19,25,140,52,17,44,150,27,32
18,32,151,39,17,62,128,22,21,116,71,18,88
19,82,100,19,25,140,52,17,44,150,27,18,159
32,151,39,17,62,128,22,21,116,71,18,32,98
82,100,19,25,140,52,17,44,150,27,18,88,36
151,39,17,62,128,22,21,116,71,18,32,159,19
100,19,25,140,52,17,44,150,27,18,88,98,16
39,17,62,128,22,21,116,71,18,32,159,36,25
19,25,140,52,17,44,150,27,18,88,98,19,61
17,62,128,22,21,116,71,18,32,159,36,16,146
25,140,52,17,44,150,27,18,88,98,19,25,132
62,128,22,21,116,71,18,32,159,36,16,61,52
140,52,17,44,150,27,18,88,98,19,25,146,21
128,22,21,116,71,18,32,159,36,16,61,132,17
52,17,44,150,27,18,88,98,19,25,146,52,19
22,21,116,71,18,32,159,36,16,61,132,21,41
17,44,150,27,18,88,98,19,25,146,52,17,113
21,116,71,18,32,159,36,16,61,132,21,19,161
44,150,27,18,88,98,19,25,146,52,17,41,76
116,71,18,32,159,36,16,61,132,21,19,113,28
150,27,18,88,98,19,25,146,52,17,41,161,16
71,18,32,159,36,16,61,132,21,19,113,76,16
27,18,88,98,19,25,146,52,17,41,161,28,28
18,32,159,36,16,61,132,21,19,113,76,16,77
18,88,98,19,25,146,52,17,41,161,28,16,163
32,159,36,16,61,132,21,19,113,76,16,28,114
88,98,19,25,146,52,17,41,161,28,16,77,39
159,36,16,61,132,21,19,113,76,16,28,163,19
98,19,25,146,52,17,41,161,28,16,77,114,15
36,16,61,132,21,19,113,76,16,28,163,39,20
19,25,146,52,17,41,161,28,16,77,114,19,47
16,61,132,21,19,113,76,16,28,163,39,15,132
25,146,52,17,41,161,28,16,77,114,19,20,156
61,132,21,19,113,76,16,28,163,39,15,47,62
146,52,17,41,161,28,16,77,114,19,20,132,24
132,21,19,113,76,16,28,163,39,15,47,156,15
52,17,41,161,28,16,77,114,19,20,132,62,16
21,19,113,76,16,28,163,39,15,47,156,24,30
17,41,161,28,16,77,114,19,20,132,62,15,86
19,113,76,16,28,163,39,15,47,156,24,16,173
41,161,28,16,77,114,19,20,132,62,15,30,102
113,76,16,28,163,39,15,47,156,24,16,86,34
161,28,16,77,114,19,20,132,62,15,30,173,16
76,16,28,163,39,15,47,156,24,16,86,102,13
28,16,77,114,19,20,132,62,15,30,173,34,19
16,28,163,39,15,47,156,24,16,86,102,16,50
16,77,114,19,20,132,62,15,30,173,34,13,141
28,163,39,15,47,156,24,16,86,102,16,19,154
77,114,19,20,132,62,15,30,173,34,13,50,57
163,39,15,47,156,24,16,86,102,16,19,141,21
114,19,20,132,62,15,30,173,34,13,50,154,13
39,15,47,156,24,16,86,102,16,19,141,57,14
19,20,132,62,15,30,173,34,13,50,154,21,27
15,47,156,24,16,86,102,16,19,141,57,13,87
20,132,62,15,30,173,34,13,50,154,21,14,179
47,156,24,16,86,102,16,19,141,57,13,27,103
132,62,15,30,173,34,13,50,154,21,14,87,33
156,24,16,86,102,16,19,141,57,13,27,179,15
62,15,30,173,34,13,50,154,21,14,87,103,12
24,16,86,102,16,19,141,57,13,27,179,33,18
15,30,173,34,13,50,154,21,14,87,103,15,45
16,86,102,16,19,141,57,13,27,179,33,12,136
30,173,34,13,50,154,21,14,87,103,15,18,166
86,102,16,19,141,57,13,27,179,33,12,45,61
173,34,13,50,154,21,14,87,103,15,18,136,20
102,16,19,141,57,13,27,179,33,12,45,166,12
34,13,50,154,21,14,87,103,15,18,136,61,13
16,19,141,57,13,27,179,33,12,45,166,20,23
